Abjasia;248-Abjasia;
Afars e Issas francés;389-Afars_e_Issas_franc%C3%A9s;
Afganistán;1-Afganist%C3%A1n;
África Ecuatorial Francesa;416-%C3%81frica_Ecuatorial_Francesa;
África Occidental Británica;379-%C3%81frica_Occidental_Brit%C3%A1nica;
África Occidental Francesa;301-%C3%81frica_Occidental_Francesa;
África Oriental Alemana;321-%C3%81frica_Oriental_Alemana;
África Oriental Británica;350-%C3%81frica_Oriental_Brit%C3%A1nica;
Ajman;289-Ajman;
Albania;2-Albania;
Alderney;261-Alderney;
Alemania, Estados;331-Alemania_Estados;
Alemania, Imperio;273-Alemania_Imperio;
Alemania, República de Weimar;272-Alemania_Rep%C3%BAblica_de_Weimar;
Alemania, República Democrática;254-Alemania_Rep%C3%BAblica_Democr%C3%A1tica;
Alemania, República Federal;81-Alemania_Rep%C3%BAblica_Federal;
Alemania, Tercer Reich;260-Alemania_Tercer_Reich;
Andorra;5-Andorra;
Angola;6-Angola;
Anguilla;7-Anguilla;
Antigua y Barbuda;9-Antigua_y_Barbuda;
Antiguo Egipto;288-Antiguo_Egipto;
Antillas Francesas;317-Antillas_Francesas;
Antillas Holandesas;152-Antillas_Holandesas;
Appenzell;2265-Appenzell;
Arabia del Sur;323-Arabia_del_Sur;
Arabia Saudí;188-Arabia_Saud%C3%AD;
Araucania-Patagonia;299-Araucania-Patagonia;
Argelia;3-Argelia;
Argentina;10-Argentina;
Argentina, Buenos Aires;1084-Argentina_Buenos_Aires;
Argentina, Confederación;402-Argentina_Confederaci%C3%B3n;
Argentina, Córdoba;1085-Argentina_C%C3%B3rdoba;
Argentina, Entre Ríos;1795-Argentina_Entre_R%C3%ADos;
Argentina, La Rioja;1790-Argentina_La_Rioja;
Argentina, Mendoza;1794-Argentina_Mendoza;
Argentina, Provincias Unidas del Rio de la Plata;1796-Argentina_Provincias_Unidas_del_Rio_de_la_Plata;
Argentina, Salta;1791-Argentina_Salta;
Argentina, Santiago del Estero;1793-Argentina_Santiago_del_Estero;
Argentina, Tucumán;1792-Argentina_Tucum%C3%A1n;
Argovia;2264-Argovia;
Armenia;11-Armenia;
Artois, Condado de;2340-Artois_Condado_de;
Artsakh (Nagorno-Karabakh);751-Artsakh_Nagorno-Karabakh;
Aruba;12-Aruba;
Auersperg;2187-Auersperg;
Australia;13-Australia;
Australia del Sur;735-Australia_del_Sur;
Austria;14-Austria;
Austria interior;2184-Austria_interior;
Austria remota;2192-Austria_remota;
Azerbaiyán;15-Azerbaiy%C3%A1n;
Azores;309-Azores;
Bahamas;16-Bahamas;
Bahréin;17-Bahr%C3%A9in;
Bangladés;18-Banglad%C3%A9s;
Barbados;19-Barbados;
Basilea;2266-Basilea;
Batthyány;2185-Batthy%C3%A1ny;
Bélgica;21-B%C3%A9lgica;
Belize;22-Belize;
Benin;23-Benin;
Bermuda;24-Bermuda;
Berna;2267-Berna;
Beromuenster;2268-Beromuenster;
Biafra;339-Biafra;
Bielorrusia;20-Bielorrusia;
Birmania;544-Birmania;
Bohemia;356-Bohemia;
Bohemia y Moravia;271-Bohemia_y_Moravia;
Bolivia;26-Bolivia;
Borneo del Norte Británico;369-Borneo_del_Norte_Brit%C3%A1nico;
Bosnia y Herzegovina;27-Bosnia_y_Herzegovina;
Botswana;28-Botswana;
Brabante, Ducado de;2345-Brabante_Ducado_de;
Brasil;30-Brasil;
Brixen;2188-Brixen;
Brunei;32-Brunei;
Bulgaria;33-Bulgaria;
Burgau;2186-Burgau;
Burkina Faso;34-Burkina_Faso;
Burundi;35-Burundi;
Bután;25-But%C3%A1n;
Cabo de Buena Esperanza;376-Cabo_de_Buena_Esperanza;
Cabo Verde;39-Cabo_Verde;
Camboya;36-Camboya;
Camerún;37-Camer%C3%BAn;
Canadá;38-Canad%C3%A1;
Cartago;395-Cartago;
Ceilán;415-Ceil%C3%A1n;
Chad;42-Chad;
Checoslovaquia;250-Checoslovaquia;
Chile;43-Chile;
China - Imperios Dinásticos;280-China_-_Imperios_Din%C3%A1sticos;
China - República;304-China_-_Rep%C3%BAblica;
China - República Soviética;424-China_-_Rep%C3%BAblica_Sovi%C3%A9tica;
China / Estados Títeres Japoneses;314-China_Estados_T%C3%ADteres_Japoneses;
China, República Popular;44-China_Rep%C3%BAblica_Popular;
Chipre;56-Chipre;
Chur;2269-Chur;
Chur, Obispado de;2270-Chur_Obispado_de;
Ciudad del Vaticano;95-Ciudad_del_Vaticano;
Ciudad del Vaticano - Estados Papales;392-Ciudad_del_Vaticano_-_Estados_Papales;
Cochin China francesa;398-Cochin_China_francesa;
Colloredo-Mansfeld;2189-Colloredo-Mansfeld;
Colombia;47-Colombia;
Colombia, Santander;290-Colombia_Santander;
Colonias del Estrecho;333-Colonias_del_Estrecho;
Colonias francesas;407-Colonias_francesas;
Comoras;48-Comoras;
Congo Belga;319-Congo_Belga;
Congo Belga Ruanda-Urundi;329-Congo_Belga_Ruanda-Urundi;
Congo, Estado Libre;300-Congo_Estado_Libre;
Congo, República (Brazzaville);49-Congo_Rep%C3%BAblica_Brazzaville;
Congo, República Democrática (Kinshasa) - Zaire;50-Congo_Rep%C3%BAblica_Democr%C3%A1tica_Kinshasa_-_Zaire;
Corea;390-Corea;
Corea del Norte;113-Corea_del_Norte;
Corea del Sur;114-Corea_del_Sur;
Costa de Marfil;53-Costa_de_Marfil;
Costa de Oro;341-Costa_de_Oro;
Costa Rica;52-Costa_Rica;
Courland;335-Courland;
Creta;310-Creta;
Crimea, Kanato de;375-Crimea_Kanato_de;
Croacia;54-Croacia;
Cuba;55-Cuba;
Curaçao;255-Cura%C3%A7ao;
Dahomey;320-Dahomey;
Danzig;340-Danzig;
Dietrichstein;2190-Dietrichstein;
Dinamarca;58-Dinamarca;
Dinamarca, Gluckstadt;348-Dinamarca_Gluckstadt;
Dinamarca, Holstein-Gottorp-Rendsborg;358-Dinamarca_Holstein-Gottorp-Rendsborg;
Disentis;2271-Disentis;
Dominica;60-Dominica;
Ecuador;63-Ecuador;
Eggenberg, Reino de Bohemia;2183-Eggenberg_Reino_de_Bohemia;
Egipto;64-Egipto;
Einsiedeln;2272-Einsiedeln;
El Salvador;65-El_Salvador;
Emiratos Árabes Unidos;223-Emiratos_%C3%81rabes_Unidos;
Eritrea;67-Eritrea;
Escafusa;2290-Escafusa;
Escocia;263-Escocia;
Esequibo y Demerary;380-Esequibo_y_Demerary;
Eslovaquia;193-Eslovaquia;
Eslovenia;194-Eslovenia;
España;199-Espa%C3%B1a;
España, Guerra Civil;337-Espa%C3%B1a_Guerra_Civil;
Estados Centroafricanos;397-Estados_Centroafricanos;
Estados Confederados de América;374-Estados_Confederados_de_Am%C3%A9rica;
Estados de los Cruzados;387-Estados_de_los_Cruzados;
Estados del África Ecuatorial;370-Estados_del_%C3%81frica_Ecuatorial;
Estados del África Occidental;410-Estados_del_%C3%81frica_Occidental;
Estados del Caribe Oriental;360-Estados_del_Caribe_Oriental;
Estados Españoles;347-Estados_Espa%C3%B1oles;
Estados Unidos de América;225-Estados_Unidos_de_Am%C3%A9rica;
Estonia;68-Estonia;
Eswatini (Swazilandia);204-Eswatini_Swazilandia;
Eszterházy;2191-Eszterh%C3%A1zy;
Etiopía;69-Etiop%C3%ADa;
Fantasía, Emisiones;364-Fantas%C3%ADa_Emisiones;
Fenicia;405-Fenicia;
Filipinas;170-Filipinas;
Finlandia;73-Finlandia;
Fischingen;2273-Fischingen;
Fiyi;72-Fiyi;
Flandes, Condado;2341-Flandes_Condado;
Francia;74-Francia;
Francia y Borbón, Islas;545-Francia_y_Borb%C3%B3n_Islas;
Friburgo;2274-Friburgo;
Fujairah (Fujeira);311-Fujairah_Fujeira;
Gabón;78-Gab%C3%B3n;
Gambia;79-Gambia;
Garsten;2194-Garsten;
Georgia;80-Georgia;
Ghana;82-Ghana;
Gibraltar;83-Gibraltar;
Ginebra;2275-Ginebra;
Glarus;2276-Glarus;
Golden Horden;384-Golden_Horden;
Granada;86-Granada;
Grecia;84-Grecia;
Grecia - Antigua;413-Grecia_-_Antigua;
Grisones;2280-Grisones;
Groenlandia;85-Groenlandia;
Guadalupe;87-Guadalupe;
Guatemala;89-Guatemala;
Guayana Británica;349-Guayana_Brit%C3%A1nica;
Guayana francesa;75-Guayana_francesa;
Guelders, Ducado de;2346-Guelders_Ducado_de;
Guernsey;242-Guernsey;
Guinea;90-Guinea;
Guinea Ecuatorial;66-Guinea_Ecuatorial;
Guinea portuguesa;637-Guinea_portuguesa;
Guinea-Bissau;91-Guinea-Bissau;
Gurk;2193-Gurk;
Guyana;92-Guyana;
Haití;93-Hait%C3%AD;
Haldenstein;2281-Haldenstein;
Hawai;351-Hawai;
Holanda, Condado de;2342-Holanda_Condado_de;
Honduras;96-Honduras;
Honduras Británica;359-Honduras_Brit%C3%A1nica;
Hong Kong;97-Hong_Kong;
Hungría;98-Hungr%C3%ADa;
Imperio Bizantino;355-Imperio_Bizantino;
Imperio Carolingio;368-Imperio_Carolingio;
Imperio Sasánida;338-Imperio_Sas%C3%A1nida;
Imperio Seléucida;404-Imperio_Sel%C3%A9ucida;
Imperio Selyúcida;328-Imperio_Sely%C3%BAcida;
India;100-India;
India - Colonia Británica;324-India_-_Colonia_Brit%C3%A1nica;
India - Colonia Danesa;412-India_-_Colonia_Danesa;
India - Colonia francesa;403-India_-_Colonia_francesa;
India - Colonia Portuguesa;394-India_-_Colonia_Portuguesa;
India - Holandesa;377-India_-_Holandesa;
India, Estados Feudales;334-India_Estados_Feudales;
Indias Occidentales Británicas;388-Indias_Occidentales_Brit%C3%A1nicas;
Indias Occidentales Danesas;330-Indias_Occidentales_Danesas;
Indias Orientales Holandesas;312-Indias_Orientales_Holandesas;
Indochina francesa;425-Indochina_francesa;
Indonesia;101-Indonesia;
Irak;103-Irak;
Irán;102-Ir%C3%A1n;
Irlanda;104-Irlanda;
Irlanda-Hibernia;372-Irlanda-Hibernia;
Isla Ascensión;253-Isla_Ascensi%C3%B3n;
Isla de Man;241-Isla_de_Man;
Isla Gough;357-Isla_Gough;
Isla Principe Edward;429-Isla_Principe_Edward;
Islandia;99-Islandia;
Islas Caimán;40-Islas_Caim%C3%A1n;
Islas Cocos;46-Islas_Cocos;
Islas Cook;51-Islas_Cook;
Islas de Francia y Bonaparte;296-Islas_de_Francia_y_Bonaparte;
Islas de Windward (Islas du Vent);286-Islas_de_Windward_Islas_du_Vent;
Islas Feroe;71-Islas_Feroe;
Islas Georgias del Sur y Sandwich del Sur;198-Islas_Georgias_del_Sur_y_Sandwich_del_Sur;
Islas Jónicas - Administración británica;486-Islas_J%C3%B3nicas_-_Administraci%C3%B3n_brit%C3%A1nica;
Islas Malvinas;70-Islas_Malvinas;
Islas Marianas del Norte;160-Islas_Marianas_del_Norte;
Islas Marshall;134-Islas_Marshall;
Islas Pitcairn;171-Islas_Pitcairn;
Islas Salomón;195-Islas_Salom%C3%B3n;
Islas Turcas y Caicos;219-Islas_Turcas_y_Caicos;
Islas Vírgenes Británicas;232-Islas_V%C3%ADrgenes_Brit%C3%A1nicas;
Israel;105-Israel;
Italia;106-Italia;
Italia, Estados;344-Italia_Estados;
Italia, Estados Pontíficios;327-Italia_Estados_Pont%C3%ADficios;
Jamaica;107-Jamaica;
Japón;108-Jap%C3%B3n;
Jersey;240-Jersey;
Jordania;109-Jordania;
Judea, Reino;432-Judea_Reino;
Katanga;371-Katanga;
Kazajstán;110-Kazajst%C3%A1n;
Kenia;111-Kenia;
Khevenhuller-Metsch;2195-Khevenhuller-Metsch;
Kiao Chau;381-Kiao_Chau;
Kinsky;2196-Kinsky;
Kirguistán;116-Kirguist%C3%A1n;
Kiribati;112-Kiribati;
Klosterneuburg;2197-Klosterneuburg;
Kuwait;115-Kuwait;
Laos;117-Laos;
Laufenburg;2282-Laufenburg;
Lausana;2283-Lausana;
Lesotho;120-Lesotho;
Letonia;118-Letonia;
Líbano;119-L%C3%ADbano;
Liberia;121-Liberia;
Libia;122-Libia;
Liechtenstein;123-Liechtenstein;
Lieja;431-Lieja;
Lituania;124-Lituania;
Livonia;345-Livonia;
Lucerna;2284-Lucerna;
Luxemburgo;125-Luxemburgo;
Luxemburgo, Ducado de;2350-Luxemburgo_Ducado_de;
Lydia;285-Lydia;
Macao;126-Macao;
Macedonia del Norte;127-Macedonia_del_Norte;
Madagascar;128-Madagascar;
Madeira;399-Madeira;
Malasia;130-Malasia;
Malawi;129-Malawi;
Malaya;408-Malaya;
Malaya y Borneo Británico;417-Malaya_y_Borneo_Brit%C3%A1nico;
Malaya, Estados Federados Malayos;515-Malaya_Estados_Federados_Malayos;
Maldivas;131-Maldivas;
Mali;132-Mali;
Malta;133-Malta;
Mancomunidad de Polonia-Lituania;318-Mancomunidad_de_Polonia-Lituania;
Marruecos;145-Marruecos;
Martinica;135-Martinica;
Mascate y Omán;282-Mascate_y_Om%C3%A1n;
Mauricio;137-Mauricio;
Mauritania;136-Mauritania;
Mayotte;138-Mayotte;
México;139-M%C3%A9xico;
México - Provincias;354-M%C3%A9xico_-_Provincias;
Micronesia, Estados Federados;140-Micronesia_Estados_Federados;
Moldavia;141-Moldavia;
Moldavia y Wallachia;430-Moldavia_y_Wallachia;
Mombasa;426-Mombasa;
Mónaco;142-M%C3%B3naco;
Monarquía Austro-Húngaro;256-Monarqu%C3%ADa_Austro-H%C3%BAngaro;
Mongolia;143-Mongolia;
Montenegro;244-Montenegro;
Montserrat;144-Montserrat;
Mozambique;146-Mozambique;
Mundial;903-Mundial;
Muri;2285-Muri;
Myanmar;147-Myanmar;
Namibia;148-Namibia;
Namur, Condado de;2343-Namur_Condado_de;
Nauru;149-Nauru;
Nepal;150-Nepal;
Neuchatel;2286-Neuchatel;
Nevis;326-Nevis;
New Brunswick;332-New_Brunswick;
Nicaragua;155-Nicaragua;
Níger;156-N%C3%ADger;
Nigeria;157-Nigeria;
Niue;158-Niue;
Noruega;161-Noruega;
Nostitz-Rieneck;2198-Nostitz-Rieneck;
Notgeld alemán: Ciudades A;2217-Notgeld_alem%C3%A1n_Ciudades_A;
Notgeld alemán: Ciudades B;2218-Notgeld_alem%C3%A1n_Ciudades_B;
Notgeld alemán: Ciudades C;2219-Notgeld_alem%C3%A1n_Ciudades_C;
Notgeld alemán: Ciudades D;2220-Notgeld_alem%C3%A1n_Ciudades_D;
Notgeld alemán: Ciudades E;2221-Notgeld_alem%C3%A1n_Ciudades_E;
Notgeld alemán: Ciudades F;2222-Notgeld_alem%C3%A1n_Ciudades_F;
Notgeld alemán: Ciudades G;2223-Notgeld_alem%C3%A1n_Ciudades_G;
Notgeld alemán: Ciudades H;2224-Notgeld_alem%C3%A1n_Ciudades_H;
Notgeld alemán: Ciudades I;2225-Notgeld_alem%C3%A1n_Ciudades_I;
Notgeld alemán: Ciudades J;2226-Notgeld_alem%C3%A1n_Ciudades_J;
Notgeld alemán: Ciudades K;2227-Notgeld_alem%C3%A1n_Ciudades_K;
Notgeld alemán: Ciudades L;2228-Notgeld_alem%C3%A1n_Ciudades_L;
Notgeld alemán: Ciudades M;2229-Notgeld_alem%C3%A1n_Ciudades_M;
Notgeld alemán: Ciudades N;2230-Notgeld_alem%C3%A1n_Ciudades_N;
Notgeld alemán: Ciudades O;2231-Notgeld_alem%C3%A1n_Ciudades_O;
Notgeld alemán: Ciudades P;2232-Notgeld_alem%C3%A1n_Ciudades_P;
Notgeld alemán: Ciudades Q;2233-Notgeld_alem%C3%A1n_Ciudades_Q;
Notgeld alemán: Ciudades R;2234-Notgeld_alem%C3%A1n_Ciudades_R;
Notgeld alemán: Ciudades S;2235-Notgeld_alem%C3%A1n_Ciudades_S;
Notgeld alemán: Ciudades T;2236-Notgeld_alem%C3%A1n_Ciudades_T;
Notgeld alemán: Ciudades U;2237-Notgeld_alem%C3%A1n_Ciudades_U;
Notgeld alemán: Ciudades V;2238-Notgeld_alem%C3%A1n_Ciudades_V;
Notgeld alemán: Ciudades W;2239-Notgeld_alem%C3%A1n_Ciudades_W;
Notgeld alemán: Ciudades Z;2240-Notgeld_alem%C3%A1n_Ciudades_Z;
Nueva Caledonia;153-Nueva_Caledonia;
Nueva Escocia;382-Nueva_Escocia;
Nueva Gales del Sur;716-Nueva_Gales_del_Sur;
Nueva Guinea;342-Nueva_Guinea;
Nueva Guinea Alemana;421-Nueva_Guinea_Alemana;
Nueva Zelanda;154-Nueva_Zelanda;
Nuevas Hébridas;352-Nuevas_H%C3%A9bridas;
Oceanía francesa;281-Ocean%C3%ADa_francesa;
Olmütz;2199-Olm%C3%BCtz;
Omán;162-Om%C3%A1n;
Orden Soberana y Militar de Malta;325-Orden_Soberana_y_Militar_de_Malta;
Orsini-Rosenberg;2200-Orsini-Rosenberg;
Ortenburg;2201-Ortenburg;
Osetia del Sur;2041-Osetia_del_Sur;
Overijssel, Señorío de;2347-Overijssel_Se%C3%B1or%C3%ADo_de;
Paar;2202-Paar;
Países Bajos;151-Pa%C3%ADses_Bajos;
Paises Bajos Austríacos;411-Paises_Bajos_Austr%C3%ADacos;
Pakistán;163-Pakist%C3%A1n;
Palaos;164-Palaos;
Palestina - Mandato británico;275-Palestina_-_Mandato_brit%C3%A1nico;
Panamá;166-Panam%C3%A1;
Papúa Nueva Guinea;167-Pap%C3%BAa_Nueva_Guinea;
Paraguay;168-Paraguay;
Perú;169-Per%C3%BA;
Polinesia francesa;76-Polinesia_francesa;
Polonia;172-Polonia;
Portugal;173-Portugal;
Principado de Moldavia;386-Principado_de_Moldavia;
Provincias Unidas de los Paises Bajos;322-Provincias_Unidas_de_los_Paises_Bajos;
Puerto Rico;174-Puerto_Rico;
Qatar;175-Qatar;
Qatar & Dubai;400-Qatar_Dubai;
Ragusa, república;298-Ragusa_rep%C3%BAblica;
Ras Al-Khaimah;409-Ras_Al-Khaimah;
Reichenau-Tamins;2287-Reichenau-Tamins;
Reino de Jerusalem;307-Reino_de_Jerusalem;
Reino de Nabatea;886-Reino_de_Nabatea;
Reino Indo-Hephthalite;396-Reino_Indo-Hephthalite;
Reino Unido;224-Reino_Unido;
Reinos de Reino Unido;378-Reinos_de_Reino_Unido;
República Centroafricana;41-Rep%C3%BAblica_Centroafricana;
República Checa;57-Rep%C3%BAblica_Checa;
República de América Central;406-Rep%C3%BAblica_de_Am%C3%A9rica_Central;
República Dominicana;61-Rep%C3%BAblica_Dominicana;
República Soviética Popular de Khorezm;367-Rep%C3%BAblica_Sovi%C3%A9tica_Popular_de_Khorezm_Asia_centr;
Reunión;176-Reuni%C3%B3n;
Rheinau;2288-Rheinau;
Rhodesia;267-Rhodesia;
Rhodesia del Sur;268-Rhodesia_del_Sur;
Rhodesia y Nyasaland;418-Rhodesia_y_Nyasaland;
Roma, Imperio;295-Roma_Imperio;
Ruanda;179-Ruanda;
Ruanda y Burundi;422-Ruanda_y_Burundi;
Rumanía;177-Ruman%C3%ADa;
Rusia;178-Rusia;
Rusia Caucásica;427-Rusia_Cauc%C3%A1sica;
Rusia, Imperio;393-Rusia_Imperio;
Saharaui, República Árabe Democrática;283-Saharaui_Rep%C3%BAblica_%C3%81rabe_Democr%C3%A1tica;
Salsburgo;2209-Salsburgo;
Samoa;185-Samoa;
Samoa Americana;4-Samoa_Americana;
San Bartolomé;279-San_Bartolom%C3%A9;
San Cristóbal y Nevis (Saint Kitts y Nevis);181-San_Crist%C3%B3bal_y_Nevis_Saint_Kitts_y_Nevis;
San Eustaquio;366-San_Eustaquio;
San Galo;2289-San_Galo;
San Marino;186-San_Marino;
San Martin;473-San_Martin;
San Pedro y Miquelón;183-San_Pedro_y_Miquel%C3%B3n;
San Vicente y las Granadinas;184-San_Vicente_y_las_Granadinas;
Santa Helena;180-Santa_Helena;
Santa Helena y Ascensión;293-Santa_Helena_y_Ascensi%C3%B3n;
Santa Lucía;182-Santa_Luc%C3%ADa;
Santo Tomé y Príncipe;187-Santo_Tom%C3%A9_y_Pr%C3%ADncipe;
Sarawak;303-Sarawak;
Sarre;420-Sarre;
Schwyz;2291-Schwyz;
Senegal;189-Senegal;
Serbia;245-Serbia;
Seychelles;190-Seychelles;
Sharjah;313-Sharjah;
Sierra Leona;191-Sierra_Leona;
Singapur;192-Singapur;
Sinzendorf;2203-Sinzendorf;
Sion;2292-Sion;
Siria;207-Siria;
Soleura;2293-Soleura;
Somalia;196-Somalia;
Somalilandia;251-Somalilandia;
Somalilandia francesa;291-Somalilandia_francesa;
Somalilandia Italiana;361-Somalilandia_Italiana;
Sprinzenstein;2204-Sprinzenstein;
Sri Lanka;200-Sri_Lanka;
Sudáfrica;197-Sud%C3%A1frica;
Sudán;201-Sud%C3%A1n;
Sudán del Sur;258-Sud%C3%A1n_del_Sur;
Suecia;205-Suecia;
Suiza;206-Suiza;
Surinam;202-Surinam;
Svalbard y Jan Mayen;203-Svalbard_y_Jan_Mayen;
Tailandia;211-Tailandia;
Taiwán;208-Taiw%C3%A1n;
Tannu Tuva;343-Tannu_Tuva;
Tanzania;210-Tanzania;
Tayikistán;209-Tayikist%C3%A1n;
Terranova;362-Terranova;
Territorio Antártico Británico;315-Territorio_Ant%C3%A1rtico_Brit%C3%A1nico;
Territorio Británico del Océano Índico;31-Territorio_Brit%C3%A1nico_del_Oc%C3%A9ano_%C3%8Dndico;
Tesino;2296-Tesino;
Thurgau;2295-Thurgau;
Tibet;353-Tibet;
Tierras Australes y Antárticas Francesas;77-Tierras_Australes_y_Ant%C3%A1rticas_Francesas;
Timor;363-Timor;
Timor Oriental;62-Timor_Oriental;
Tirol;2182-Tirol;
Tobago;316-Tobago;
Togo;212-Togo;
Tokelau;213-Tokelau;
Tonga;214-Tonga;
Tournai, Señorío de;2349-Tournai_Se%C3%B1or%C3%ADo_de;
Transilvania;346-Transilvania;
Transnistria;247-Transnistria;
Trautson;2205-Trautson;
Trinidad;336-Trinidad;
Trinidad y Tobago;215-Trinidad_y_Tobago;
Tristan da Cunha;373-Tristan_da_Cunha;
Troppau-Jaegerndorf;2207-Troppau-Jaegerndorf;
Túnez;216-T%C3%BAnez;
Türkiye (Turquía);217-T%C3%BCrkiye_Turqu%C3%ADa;
Turkmenistán;218-Turkmenist%C3%A1n;
Tuvalu;220-Tuvalu;
Ucrania;222-Ucrania;
Uganda;221-Uganda;
Umm al-Qaywayn;383-Umm_al-Qaywayn;
Unión Soviética, URSS;252-Uni%C3%B3n_Sovi%C3%A9tica_URSS;
Unterwalden;2297-Unterwalden;
Uri;2298-Uri;
Uruguay;227-Uruguay;
Utrecht, Señorío de;2348-Utrecht_Se%C3%B1or%C3%ADo_de;
Uzbekistán;228-Uzbekist%C3%A1n;
Vanuatu;229-Vanuatu;
Vaud;2299-Vaud;
Venezuela;230-Venezuela;
Venezuela, Barinas;2214-Venezuela_Barinas;
Venezuela, Caracas;2215-Venezuela_Caracas;
Venezuela, Colonias de Leprosos;2216-Venezuela_Colonias_de_Leprosos;
Venezuela, Guayana;2212-Venezuela_Guayana;
Venezuela, Maracaibo;2213-Venezuela_Maracaibo;
Venezuela, Margarita;2210-Venezuela_Margarita;
Venezuela, Tachira;2211-Venezuela_Tachira;
Victoria;746-Victoria;
Viena;2206-Viena;
Vietnam;231-Vietnam;
Vietnam (dinastías);308-Vietnam_dinast%C3%ADas;
Vietnam del Sur;266-Vietnam_del_Sur;
Vietnam, República Popular del Norte;401-Vietnam_Rep%C3%BAblica_Popular_del_Norte;
Windisch-Gratz;2208-Windisch-Gratz;
Yemen;236-Yemen;
Yemen, Protectorado de Adén;646-Yemen_Protectorado_de_Ad%C3%A9n;
Yemen, República;423-Yemen_Rep%C3%BAblica;
Yemen, República Árabe;419-Yemen_Rep%C3%BAblica_%C3%81rabe;
Yemen, República Democrática Popular;506-Yemen_Rep%C3%BAblica_Democr%C3%A1tica_Popular;
Yibuti;59-Yibuti;
Yugoslavia;257-Yugoslavia;
Zaire;284-Zaire;
Zambia;238-Zambia;
Zanzíbar;294-Zanz%C3%ADbar;
Zeeland, Condado de;2344-Zeeland_Condado_de;
Zimbabue;239-Zimbabue;
Zofingen;2300-Zofingen;
Zug;2301-Zug;
Zurich;2302-Zurich;
